<?xml version="1.0" encoding="UTF-8"?>

<channel name="xfce4-panel" version="1.0">
  <property name="configver" type="int" value="2"/>
  <property name="panels" type="array">
    <value type="int" value="1"/>
    <property name="panel-1" type="empty">
      <property name="position" type="string" value="p=6;x=960;y=13"/>
      <property name="length" type="uint" value="100"/>
      <property name="position-locked" type="bool" value="true"/>
      <property name="size" type="uint" value="24"/>
      <property name="plugin-ids" type="array">
        <value type="int" value="19"/>
        <value type="int" value="20"/>
        <value type="int" value="7"/>
        <value type="int" value="8"/>
        <value type="int" value="3"/>
        <value type="int" value="15"/>
        <value type="int" value="1"/>
        <value type="int" value="24"/>
        <value type="int" value="32"/>
        <value type="int" value="25"/>
        <value type="int" value="6"/>
        <value type="int" value="26"/>
        <value type="int" value="31"/>
        <value type="int" value="2"/>
        <value type="int" value="4"/>
        <value type="int" value="27"/>
        <value type="int" value="5"/>
        <value type="int" value="28"/>
        <value type="int" value="37"/>
        <value type="int" value="29"/>
        <value type="int" value="11"/>
        <value type="int" value="34"/>
        <value type="int" value="36"/>
        <value type="int" value="33"/>
        <value type="int" value="10"/>
        <value type="int" value="35"/>
      </property>
      <property name="background-style" type="uint" value="1"/>
      <property name="background-color" type="array">
        <value type="uint" value="64764"/>
        <value type="uint" value="64764"/>
        <value type="uint" value="64764"/>
        <value type="uint" value="65535"/>
      </property>
      <property name="background-alpha" type="uint" value="100"/>
      <property name="enter-opacity" type="uint" value="70"/>
      <property name="leave-opacity" type="uint" value="70"/>
    </property>
  </property>
  <property name="plugins" type="empty">
    <property name="plugin-15" type="string" value="separator">
      <property name="expand" type="bool" value="false"/>
      <property name="style" type="uint" value="0"/>
    </property>
    <property name="plugin-5" type="string" value="clock">
      <property name="digital-format" type="string" value="%a  %l:%M %p"/>
      <property name="tooltip-format" type="string" value="%A, %B %e, %Y"/>
    </property>
    <property name="plugin-6" type="string" value="systray">
      <property name="show-frame" type="bool" value="false"/>
      <property name="names-visible" type="array">
        <value type="string" value="vlc"/>
        <value type="string" value="networkmanager applet"/>
        <value type="string" value="task manager"/>
        <value type="string" value="blueman-applet"/>
        <value type="string" value="thunar"/>
      </property>
      <property name="size-max" type="uint" value="22"/>
    </property>
    <property name="plugin-4" type="string" value="pulseaudio">
      <property name="enable-keyboard-shortcuts" type="bool" value="true"/>
      <property name="mpris-players" type="string" value="chromium.instance12364;chromium.instance1575;chromium.instance2095;chromium.instance2203;chromium.instance2482;chromium.instance2623;chromium.instance3319;chromium.instance917;chromium.instance918;chromium.instance923;chromium.instance965;vlc"/>
    </property>
    <property name="plugin-1" type="string" value="cpufreq"/>
    <property name="plugin-2" type="string" value="separator">
      <property name="style" type="uint" value="0"/>
    </property>
    <property name="plugin-19" type="string" value="separator">
      <property name="style" type="uint" value="0"/>
    </property>
    <property name="plugin-20" type="string" value="separator">
      <property name="style" type="uint" value="0"/>
    </property>
    <property name="plugin-24" type="string" value="separator">
      <property name="style" type="uint" value="0"/>
    </property>
    <property name="plugin-25" type="string" value="separator">
      <property name="style" type="uint" value="0"/>
    </property>
    <property name="plugin-26" type="string" value="separator">
      <property name="style" type="uint" value="0"/>
    </property>
    <property name="plugin-27" type="string" value="separator">
      <property name="style" type="uint" value="0"/>
    </property>
    <property name="plugin-28" type="string" value="separator">
      <property name="style" type="uint" value="0"/>
    </property>
    <property name="plugin-29" type="string" value="separator">
      <property name="style" type="uint" value="0"/>
    </property>
    <property name="plugin-31" type="string" value="power-manager-plugin"/>
    <property name="plugin-32" type="string" value="statusnotifier">
      <property name="known-items" type="array">
        <value type="string" value="ulauncher"/>
        <value type="string" value="blueman"/>
      </property>
      <property name="icon-size" type="int" value="22"/>
      <property name="single-row" type="bool" value="true"/>
      <property name="square-icons" type="bool" value="true"/>
      <property name="symbolic-icons" type="bool" value="true"/>
      <property name="menu-is-primary" type="bool" value="true"/>
    </property>
    <property name="plugin-33" type="string" value="separator">
      <property name="style" type="uint" value="0"/>
    </property>
    <property name="plugin-34" type="string" value="separator">
      <property name="style" type="uint" value="0"/>
    </property>
    <property name="plugin-35" type="string" value="separator">
      <property name="style" type="uint" value="0"/>
    </property>
    <property name="plugin-7" type="string" value="applicationsmenu">
      <property name="button-title" type="string" value=""/>
      <property name="button-icon" type="string" value="/usr/share/icons/Catalina/iRaspbianXfce.svg"/>
      <property name="show-button-title" type="bool" value="false"/>
    </property>
    <property name="plugin-36" type="string" value="windowmenu">
      <property name="style" type="uint" value="0"/>
    </property>
    <property name="plugin-37" type="string" value="actions"/>
    <property name="plugin-3" type="string" value="appmenu"/>
    <property name="plugin-8" type="string" value="separator">
      <property name="style" type="uint" value="0"/>
    </property>
    <property name="plugin-10" type="string" value="launcher">
      <property name="items" type="array">
        <value type="string" value="15980531431.desktop"/>
      </property>
    </property>
    <property name="plugin-11" type="string" value="launcher">
      <property name="items" type="array">
        <value type="string" value="15980531652.desktop"/>
      </property>
    </property>
  </property>
</channel>
