<?xml version="1.0" encoding="UTF-8"?>

<channel name="thunar" version="1.0">
  <property name="last-view" type="string" value="ThunarIconView"/>
  <property name="last-location-bar" type="string" value="ThunarLocationButtons"/>
  <property name="last-icon-view-zoom-level" type="string" value="THUNAR_ZOOM_LEVEL_100_PERCENT"/>
  <property name="last-separator-position" type="int" value="170"/>
  <property name="last-window-maximized" type="bool" value="false"/>
  <property name="last-show-hidden" type="bool" value="false"/>
  <property name="last-window-width" type="int" value="890"/>
  <property name="last-window-height" type="int" value="598"/>
  <property name="last-sort-column" type="string" value="THUNAR_COLUMN_NAME"/>
  <property name="last-sort-order" type="string" value="GTK_SORT_ASCENDING"/>
  <property name="misc-single-click" type="bool" value="false"/>
  <property name="misc-show-delete-action" type="bool" value="true"/>
  <property name="last-details-view-zoom-level" type="string" value="THUNAR_ZOOM_LEVEL_38_PERCENT"/>
  <property name="last-details-view-column-widths" type="string" value="50,115,50,50,244,50,50,70,50,334"/>
  <property name="misc-file-size-binary" type="bool" value="false"/>
</channel>
