<?xml version="1.0" encoding="UTF-8"?>

<channel name="xfce4-power-manager" version="1.0">
  <property name="xfce4-power-manager" type="empty">
    <property name="power-button-action" type="empty"/>
    <property name="lock-screen-suspend-hibernate" type="bool" value="false"/>
    <property name="logind-handle-lid-switch" type="bool" value="false"/>
    <property name="blank-on-ac" type="int" value="0"/>
    <property name="dpms-on-ac-sleep" type="uint" value="0"/>
    <property name="dpms-on-ac-off" type="uint" value="0"/>
  </property>
</channel>
