{"alwaysOnTop":false,"backgroundColor":"#202225","basicAuthPassword":null,"basicAuthUsername":null,"bounce":false,"clearCache":false,"counter":false,"darwinDarkModeSupport":false,"disableGpu":false,"diskCacheSize":null,"enableEs3Apis":false,"fastQuit":false,"flashPluginDir":null,"fullScreen":false,"globalShortcuts":null,"height":800,"ignoreCertificate":false,"ignoreGpuBlacklist":false,"insecure":false,"internalUrls":null,"blockExternalUrls":false,"maximize":false,"name":"Discord","nativefierVersion":"10.1.0","proxyRules":null,"showMenuBar":false,"singleInstance":true,"targetUrl":"https://discord.com/app","titleBarStyle":null,"tray":false,"userAgent":"Mozilla/5.0 (X11; Linux x86_64) AppleWebKit/537.36 (KHTML, like Gecko) Chrome/85.0.4183.87 Safari/537.36","width":1280,"win32metadata":{"ProductName":"Discord","InternalName":"Discord","FileDescription":"Discord"},"zoom":1}
